{"cameraMode":{"drawMode":2,"name":"Shaded Wireframe","section":"Shading Mode"},"sceneLighting":false,"audioPlay":false,"sceneViewState":{"showFog":false,"showMaterialUpdate":true,"showSkybox":false,"showFlares":false,"showImageEffects":true,"showParticleSystems":true},"in2DMode":false,"pivot":{"x":212.0500030517578,"y":0.1400001049041748,"z":33.459999084472659},"rotation":{"x":-0.1181911900639534,"y":0.2945233881473541,"z":-0.03445053845643997,"w":-0.9485442638397217},"size":4.041658401489258,"orthographic":false}