{"cameraMode":{"drawMode":2,"name":"Shaded Wireframe","section":"Shading Mode"},"sceneLighting":true,"audioPlay":false,"sceneViewState":{"showFog":false,"showMaterialUpdate":true,"showSkybox":false,"showFlares":false,"showImageEffects":true,"showParticleSystems":true},"in2DMode":false,"pivot":{"x":211.5518035888672,"y":-3.0030505657196047,"z":43.57780456542969},"rotation":{"x":0.1495119035243988,"y":0.8118422627449036,"z":-0.2438352257013321,"w":0.5107049942016602},"size":4.91734504699707,"orthographic":false}