{"cameraMode":{"drawMode":2,"name":"Shaded Wireframe","section":"Shading Mode"},"sceneLighting":false,"audioPlay":false,"sceneViewState":{"showFog":false,"showMaterialUpdate":true,"showSkybox":false,"showFlares":false,"showImageEffects":true,"showParticleSystems":true},"in2DMode":false,"pivot":{"x":195.31639099121095,"y":-14.410181999206543,"z":106.50479125976563},"rotation":{"x":0.017166128382086755,"y":-0.9865391254425049,"z":0.12493684887886048,"w":0.11215108633041382},"size":54.14830780029297,"orthographic":false}