{"cameraMode":{"drawMode":2,"name":"Shaded Wireframe","section":"Shading Mode"},"sceneLighting":true,"audioPlay":false,"sceneViewState":{"showFog":true,"showMaterialUpdate":true,"showSkybox":true,"showFlares":true,"showImageEffects":true,"showParticleSystems":true},"in2DMode":false,"pivot":{"x":670.8973388671875,"y":456.68023681640627,"z":503.2384033203125},"rotation":{"x":0.04079277068376541,"y":0.016795314848423005,"z":-0.0006950506940484047,"w":0.9990422129631043},"size":1799.901123046875,"orthographic":false}